<?xml version="1.0" encoding="UTF-8"?>
<project-private xmlns="http://www.netbeans.org/ns/project-private/1">
    <editor-bookmarks xmlns="http://www.netbeans.org/ns/editor-bookmarks/2" lastBookmarkId="0"/>
    <open-files xmlns="http://www.netbeans.org/ns/projectui-open-files/2">
        <group>
            <file>file:/C:/Users/kal%20bugrara/Documents/NetBeansProjects/RangePricingApplication/src/TheBusiness/Personnel/EmployeeProfile.java</file>
            <file>file:/C:/Users/kal%20bugrara/Documents/NetBeansProjects/RangePricingApplication/src/TheBusiness/SalesManagement/SalesPersonProfile.java</file>
            <file>file:/C:/Users/kal%20bugrara/Documents/NetBeansProjects/RangePricingApplication/src/UserInterface/Main/WorkSpaceProfiles/SalesPersonWorkAreaJPanel.java</file>
            <file>file:/C:/Users/kal%20bugrara/Documents/NetBeansProjects/RangePricingApplication/src/TheBusiness/OrderManagement/OrderSummary.java</file>
            <file>file:/C:/Users/kal%20bugrara/Documents/NetBeansProjects/RangePricingApplication/src/TheBusiness/OrderManagement/MasterOrderList.java</file>
            <file>file:/C:/Users/kal%20bugrara/Documents/NetBeansProjects/RangePricingApplication/src/TheBusiness/ProductManagement/ProductsReport.java</file>
            <file>file:/C:/Users/kal%20bugrara/Documents/NetBeansProjects/RangePricingApplication/src/UserInterface/Main/WorkSpaceProfiles/OrderManagement/ProcessOrder.java</file>
            <file>file:/C:/Users/kal%20bugrara/Documents/NetBeansProjects/RangePricingApplication/src/TheBusiness/CustomerManagement/CustomerProfile.java</file>
            <file>file:/C:/Users/kal%20bugrara/Documents/NetBeansProjects/RangePricingApplication/src/UserInterface/Main/WorkSpaceProfiles/BusinessManagerWorkAreaJPanel.java</file>
            <file>file:/C:/Users/kal%20bugrara/Documents/NetBeansProjects/RangePricingApplication/src/TheBusiness/UserAccountManagement/UserAccountDirectory.java</file>
            <file>file:/C:/Users/kal%20bugrara/Documents/NetBeansProjects/RangePricingApplication/src/TheBusiness/Personnel/CustomerAccount.java</file>
            <file>file:/C:/Users/kal%20bugrara/Documents/NetBeansProjects/RangePricingApplication/src/UserInterface/ManageTheBusiness/ManageTheBusinessJPanel.java</file>
            <file>file:/C:/Users/kal%20bugrara/Documents/NetBeansProjects/RangePricingApplication/src/TheBusiness/UserAccountManagement/UserAccount.java</file>
            <file>file:/C:/Users/kal%20bugrara/Documents/NetBeansProjects/RangePricingApplication/src/UserInterface/Main/WorkSpaceProfiles/OrderManagement/ManageProductPerformanceDetail1.java</file>
            <file>file:/C:/Users/kal%20bugrara/Documents/NetBeansProjects/RangePricingApplication/src/UserInterface/ManageTheBusiness/ManageBusinessDetail1.java</file>
            <file>file:/C:/Users/kal%20bugrara/Documents/NetBeansProjects/RangePricingApplication/src/UserInterface/ProductManagement/ManageProductPerformanceDetail.java</file>
            <file>file:/C:/Users/kal%20bugrara/Documents/NetBeansProjects/RangePricingApplication/src/TheBusiness/ProductManagement/ProductCatalog.java</file>
            <file>file:/C:/Users/kal%20bugrara/Documents/NetBeansProjects/RangePricingApplication/src/TheBusiness/Personnel/Profile.java</file>
            <file>file:/C:/Users/kal%20bugrara/Documents/NetBeansProjects/RangePricingApplication/src/UserInterface/ProductManagement/ManageSuppliersJPanel.java</file>
            <file>file:/C:/Users/kal%20bugrara/Documents/NetBeansProjects/RangePricingApplication/src/TheBusiness/Personnel/EmployeeDirectory.java</file>
            <file>file:/C:/Users/kal%20bugrara/Documents/NetBeansProjects/RangePricingApplication/src/TheBusiness/Supplier/SupplierDirectory.java</file>
            <file>file:/C:/Users/kal%20bugrara/Documents/NetBeansProjects/RangePricingApplication/src/TheBusiness/ProductManagement/ProductSummary.java</file>
            <file>file:/C:/Users/kal%20bugrara/Documents/NetBeansProjects/RangePricingApplication/src/TheBusiness/RangePricingApplication.java</file>
            <file>file:/C:/Users/kal%20bugrara/Documents/NetBeansProjects/RangePricingApplication/src/TheBusiness/Business/Business.java</file>
            <file>file:/C:/Users/kal%20bugrara/Documents/NetBeansProjects/RangePricingApplication/src/TheBusiness/OrderManagement/OrderItem.java</file>
            <file>file:/C:/Users/kal%20bugrara/Documents/NetBeansProjects/RangePricingApplication/src/TheBusiness/Personnel/Person.java</file>
            <file>file:/C:/Users/kal%20bugrara/Documents/NetBeansProjects/RangePricingApplication/src/TheBusiness/Supplier/Supplier.java</file>
            <file>file:/C:/Users/kal%20bugrara/Documents/NetBeansProjects/RangePricingApplication/src/UserInterface/Main/ConfigureABusiness.java</file>
            <file>file:/C:/Users/kal%20bugrara/Documents/NetBeansProjects/RangePricingApplication/src/UserInterface/Main/PricingMainFrame.java</file>
            <file>file:/C:/Users/kal%20bugrara/Documents/NetBeansProjects/RangePricingApplication/src/TheBusiness/CustomerManagement/CustomerDirectory.java</file>
        </group>
    </open-files>
</project-private>
