<?xml version="1.0" encoding="UTF-8"?>
<project-private xmlns="http://www.netbeans.org/ns/project-private/1">
    <editor-bookmarks xmlns="http://www.netbeans.org/ns/editor-bookmarks/2" lastBookmarkId="0"/>
    <open-files xmlns="http://www.netbeans.org/ns/projectui-open-files/2">
        <group>
            <file>file:/C:/1Temp/Info5001-University-Example/src/info5100/university/example/CourseSchedule/CourseOffer.java</file>
            <file>file:/C:/1Temp/Info5001-University-Example/src/info5100/university/example/CourseSchedule/CourseSchedule.java</file>
            <file>file:/C:/1Temp/Info5001-University-Example/src/info5100/university/example/Info5001UniversityExample.java</file>
        </group>
    </open-files>
</project-private>
